Date,Sentiment
2025-04-15,neutral
2025-03-26,neutral
2025-04-25,neutral
2025-02-23,neutral
2025-04-23,negative
2025-02-02,neutral
2025-02-22,neutral
2025-02-13,negative
2025-04-18,negative
2025-03-28,neutral
2025-04-21,negative
2025-02-19,neutral
2025-02-23,neutral
2025-03-30,positive
2025-02-04,neutral
2025-04-22,negative
2025-02-25,positive
2025-02-20,negative
2025-04-13,positive
2025-03-23,negative
2025-01-25,positive
2025-02-26,negative
2025-03-21,neutral
2025-04-19,negative
2025-04-15,negative
2025-03-22,neutral
2025-03-11,neutral
2025-04-13,neutral
2025-02-28,neutral
2025-02-10,neutral
2025-04-06,neutral
2025-03-21,negative
2025-02-27,positive
2025-03-31,neutral
2025-04-20,neutral
2025-04-08,neutral
2025-02-08,neutral
2025-04-09,positive
2025-03-16,positive
2025-02-09,neutral
2025-03-05,neutral
2025-03-06,neutral
2025-03-19,negative
2025-04-22,negative
2025-04-10,positive
2025-02-10,neutral
2025-03-13,neutral
2025-04-17,positive
2025-03-19,positive
2025-03-16,neutral
2025-04-09,neutral
2025-02-25,neutral
2025-04-15,neutral
2025-04-19,neutral
2025-02-22,neutral
2025-02-11,positive
2025-02-26,negative
2025-03-23,negative
2025-04-07,negative
2025-03-04,neutral
2025-02-13,neutral
2025-04-15,positive
2025-04-06,negative
2025-03-28,negative
2025-04-05,neutral
2025-02-02,neutral
2025-03-26,positive
2025-02-11,positive
2025-04-10,neutral
2025-02-26,positive
2025-03-18,neutral
2025-03-06,negative
2025-01-28,neutral
2025-02-25,positive
2025-04-07,negative
2025-02-10,neutral
2025-03-13,positive
2025-02-15,positive
2025-02-26,neutral
2025-03-04,positive
2025-03-29,negative
2025-02-14,positive
2025-03-10,neutral
2025-02-26,positive
2025-03-10,positive
2025-02-15,neutral
2025-03-21,neutral
2025-04-05,negative
2025-04-04,positive
2025-04-06,positive
2025-03-08,negative
2025-03-17,negative
2025-03-08,negative
2025-02-21,negative
2025-04-14,positive
2025-04-10,positive
2025-04-11,positive
2025-02-07,negative
2025-04-23,positive
2025-04-12,neutral
